{"cameraMode":{"drawMode":0,"name":"Shaded","section":"Shading Mode"},"sceneLighting":true,"audioPlay":false,"sceneViewState":{"showFog":true,"showMaterialUpdate":true,"showSkybox":true,"showFlares":true,"showImageEffects":true,"showParticleSystems":true},"in2DMode":false,"pivot":{"x":178.56080627441407,"y":217.1193389892578,"z":-1.042800784111023},"rotation":{"x":-0.013802751898765564,"y":-0.03239407762885094,"z":0.00044769913074560463,"w":-0.9993798136711121},"size":342.7904968261719,"orthographic":false}